category,clue_count,topic,example_question,example_answer
STREET SMARTS,50,,It's the stately street where the U.S. president lives,Pennsylvania Avenue
FIRST THINGS FIRST,49,,The first word of the first book of the King James Version of the Bible,In (the beginning)
HALLS OF FAME,49,,Edwin Land & Alexander Graham Bell are among those honored at Ohio's national hall of fame for these people,inventors
CEREMONIES,48,,In 1996 Dr. Samuel Harris cut a simulated strand of this to open the new Museum of Dentistry in Baltimore,Dental floss
THE 1930S,46,,"This NYC landmark that opened May 1, 1931, in the depths of the Depression, cost a reported $41,000,000",Empire State Building
MEDALS & DECORATIONS,46,,Performing a personal service to the person in this post may get you an Order of Pius decoration,The pope
MORTAL MATTERS,45,,"In NYC June 14, 1999 it was ""Dead Man Riding"", as it took hours to notice a passenger on one of these wasn't just sleeping",Subway
"""G"" WHIZ",45,,This observance always falls 2 days before Easter,Good Friday
GETTING POSSESSIVE,45,,"This bovine took the rap for the disastrous fire of October 8, 1871",Mrs. O'Leary's cow
"""J"" WALKING",45,,On a snowy winter night he nips at your nose & your window,Jack Frost
LIBROS EN ESPAÑOL,45,,"Rowling: ""Harry Potter y la Piedra Filosofal""",Harry Potter and the Sorcerer's Stone
THE 1920S,44,,In 1921 this Swiss psychiatrist developed his famous inkblot test,Hermann Rorschach
PEOPLE & PLACES,43,,In 1999 only a few hundred Americans known as Zonians were left in this country,Panama
THE 1960S,42,,In April 1964 the U.S. & Colombia agreed to a study about building a new one of these through Colombia,Canal
THE SHAPE OF THINGS,42,,"To cool cats, daddy-o, it's the opposite of hip",square
THE 1970S,41,,"A change of procedure in 1979 led to 3 of these being named Bob, David & Frederic",Hurricanes
TIME,41,,"They look a little different now; the 1965 cover seen here was headed, this machine ""in Society""",a computer
ALL IN THE FAMILY,40,,"This general term for any small fish also refers to the largest fish family, including carp, & to Gilligan's boat",minnow
ETIQUETTE,40,,"Traditionally, this man who writes a lot of checks gives the first toast at an engagement dinner",bride's father
THE ROARING '20S,39,,"In 1927 Harry Lender began baking these in New Haven, Connecticut",Bagels
CONTAINERS,39,,"This ""chest"" holds the clothing & linens of a woman holding on to the chance she'll someday be married",Hope chest
THE 21ST CENTURY,38,,In May 2001 Gerald Ford stopped into this president's library to pick up its Profiles in Courage Award,John F. Kennedy
THE 1980S,36,,The war over these islands was fought in May & June of 1982,Falkland (or Malvinas) Islands
GREAT BRITS,36,,One of the social events of 1999 was this Spice Girl's castle wedding to soccer star David Beckham,Posh Spice
SOCIAL STUDIES,35,,"3 of the 6 biggest U.S. newspapers are this city's Wall Street Journal, Daily News & the Times",New York City
"""B"" PREPARED",35,,"Examples include Risk, backgammon & chess",Board games
BEHIND BARS,35,,Antonio Gramsci wrote classics of Marxist theory while jailed by this Italian regime in the 1930s,Fascists
BIRTHSTONES,35,,"The Bible tells us ""The price of wisdom is above"" these red gems, July's birthstone",Rubies
FRIENDS,35,,"These 2 friends are credited with the lyric ""Oh I get by with a little help from my friends""",John Lennon & Paul McCartney
WHERE YA FROM?,35,,In the Heartland: Hoosier,Indiana
GET A JOB!,35,,"From the Latin for ""beard"", it's someone who might trim your beard",a barber
WHAT A CHARACTER!,35,,A murder suspect named Injun Joe,The Adventures of Tom Sawyer
"WHAT THE ""H""?",35,,In hockey it's the term for 3 goals scored in a single game by the same player,a hat trick
ELEMENTARY,35,,"The Bible tells us of this element being beaten into plates, cut into wires & worked into the clothing worn by Aaron",gold
LIGHTHOUSES,34,,This country's 250-guilder note features lighthouses on both the front & back,Netherlands
LABOR,34,,Currently the federal government sets it at $5.15 an hour,minimum wage
HOW DO YOU...,34,,Stab with a fork to prevent explosion; set on an oven rack at 400 degrees for 45-60 minutes,bake a potato
ALPHANUMERICS,32,,"When this American company incorporated in 1902, its first products were grinding abrasives & sandpaper",3M
THE ANCIENTS SPEAK,31,,"A line from the Aesop fable ""The Wolf in Sheep's Clothing"" says, ""Appearances often are"" this",deceiving
WHEN THEY WERE TEENS,30,,"This ""Speed"" star, a cheerleader at her Arlington, VA. high school, also ""Net""ted the title ""Class Clown""",Sandra Bullock
"UNDER THE ""C""",30,,"This world capital's name is from the Arabic Al Qahira, ""The Victorious""",Cairo
"THE ""A"" LIST",30,,You're this if you're from the Pampas,Argentinian
"SPECIAL ""K""",30,,In the comics this substance comes in many colors but only the green one can kill Superman,kryptonite
"""O"" YES!",30,,"A synonym for scent, this noun is from the Latin for ""smell""",odor
"MIDDLE ""C""",30,,"In blackjack, it can be worth 1 or 11",Ace
"""A"" PLUS",30,,To improvise a speech or performance on the spot,ad-lib
TOOLS,30,,"Sounding transparent, these are powerful scissors used on metalwork",shears
ANGELS,30,,In 1996 John Travolta spread his wings as this archangel,Michael
A COLORFUL CATEGORY,30,,"Alabaster, Eggshell",White
PAPER,30,,This quantity of paper was once 480 sheets but is now usually 500,a ream
PARDON MY FRENCH,30,,"In a diner, a ""side of French"" is an order of these with your meal",French Fries
"""Z"" END",30,,This company makes mealtime fun time with its EZ Squirt colored ketchups,Heinz
GROUPS,30,,It can be a packed-together group or a teen's puppy love,crush
ASIAN AMERICANS,30,,"When she skates, this ice princess wears a Chinese good luck charm given to her by her grandmother",Michelle Kwan
FROM A TO Y,30,,It's an allowance paid to a former spouse for maintenance,alimony
SEEING RED,30,,"Color of a college ""Tide"" & a comic book Avenger",Crimson
JULY,30,,"This industrialist came off the assembly line July 30, 1863",Henry Ford
"""F"" STOP",30,,"It can precede horn, twist & kiss",French
GATES,30,,The Jaffa Gate is the western entrance to this city's Old City,Jerusalem
FORESTS,30,,"The Mbuti of Congo's Ituri Forest are the shortest of these peoples at an average height of about 4'8""",Pygmies
THE 1600S,30,,In 1666 he wrote in his diary about sparks falling on him in a boat on the Thames during the Great Fire,Samuel Pepys
BRIT BITS,30,,"Now played throughout the world, it 's often called England's national summer sport",cricket
THE 1800S,29,,"Joseph Lister used carbolic acid to do this to his surgical instruments, a medical first",sterilize
PARENTING,29,,"A talking cricket warns him, ""woe to boys who refuse to obey their parents and run away from home!""",Pinocchio
1984,29,,"A 1984 eruption of this 13,677-foot volcanic mountain sent lava flowing within 4 miles of Hilo, Hawaii",Mauna Loa
EXIT THROUGH THE GIFT SHOP,29,,The gift shop at this attraction on Cannery Row in Monterey sells a plush blue shark,the Monterey Bay Aquarium
THE END,28,,"This Shakespearean title character kills Laertes & the king, then dies from poisoning",Hamlet
"THE ""I""S HAVE IT",27,,"This term for a fluid can also mean ""to sign"" as a contract",Ink
WHAT'S MY LINE?,27,,"At one point in this classic novel, Tom cries out, ""Injun Joe's in the cave!""",Tom Sawyer
IT'S ABOUT TIME,27,,"Scientists added an extra one of these to December 31, 1998, giving it 86,401; we hope you made good use of it",a second
15 MINUTES OF FAME,27,,Stella Liebeck won damages from McDonald's after she was injured by this product,coffee
JEOPARDY! PLACE,26,,Drake returned to Jeopardy! Place from this capital of Hungary not knowing Emily had had his child,Budapest
THE 1990S,26,,"Pierce Brosnan played this superspy for the first time in ""GoldenEye""",James Bond
COMMUNICATIONS,26,,It's waved to indicate surrender or truce,white flag
AMERICANS IN PARIS,26,,"The avant-garde author of ""Three Lives"", her home was a salon for emerging artists such as Picasso & Braque",(Gertrude) Stein
"""M""ISCELLANY",26,,One of Oz' little folks,Munchkins
U.S. FIRSTS,25,,"The first U.S. spacecraft to hit the visible side of the moon landed in this waterless ""sea"" in 1964",Sea of Tranquility
"CATCHING SOME ""Z""S",25,,"If you don't keep an eye on it, this Italian squash can grow to the size of a watermelon",zucchini
"TELL ME ""Y""",25,,"A bumpkin, perhaps a local one",Yokel
"""RH"" FACTOR",25,,A lot of exaggerated hip swinging is used in this complex Cuban dance,Rhumba
MONTHS,25,,It starts with St. Bavo's Day & ends with Halloween,October
THE 1860S,25,,"In March of 1867 Secretary of State Seward arranged to buy this ""icebox"" for a total of $7.2 million",Alaska
"""G"" MEN",25,,In 1919 this producer/director found United Artists along with Charlie Chaplin & 2 others,D.W. Griffith
SOUNDS GOOD TO ME,25,,"A common exclamation from this popular TV show is heard here ""D'oh!""",The Simpsons
TEAM PLAYERS,25,,A young reporter on the Tribune or the Sun-Times,Chicago Cub
IN THE MIDDLE OF THE STATE,25,,"Colorado has a little ""color"" in its name, but this state has a ""tan""",monTANa
GLOBETROTTING,25,,This man brought the Roman alphabet & Latin literature to Ireland in the 400s A.D.,St. Patrick
WHAT'S YOUR SIGN?,25,,"Protests against the Confederate flag in Columbia, this state's capital, said, ""Your Heritage is my Slavery""",South Carolina
THE 1880S,25,,"In 1889, with Dumas & de Maupassant protesting loudly, this 984-foot structure opened near the Seine",Eiffel Tower
MNEMONICS,25,,"It's the familiar rule, in rhyme, useful in spelling ""chief"" & ""receive""","""I"" before ""E,"" except after ""C"""
FOLLOW THE LEADER,25,,"A prototype TV show, or one who steers a vessel",pilot
"""SH""!",25,,"""Who knows what evil lurks in the hearts of men?"" This title man of radio knows",The Shadow
A FEW GOOD MEN,25,,The 1973 Nobel Peace Prize went to Le Duc Tho who declined it & this Secretary of State who accepted,Henry Kissinger
GONE WITH THE WIND,25,,In Chapter II Scarlett's father declares he's proud of his origins in this country,Ireland
A SPANISH INQUISITION,25,,Spain's highest peaks in these mountains are in the Maladeta range,the Pyrenees
FROM A TO E,25,,"Hateful, or a certain snowman",abominable
THEME PARK FUN,25,,"At Universal Orlando, the Caro-Seuss-el is a Dr. Seuss version of this classic ride",a carousel
"WATER, WATER EVERYWHERE",25,,You'll find Lake Louise & Great Bear Lake in this large country,Canada
SHAPE UP,25,,Shape of the organ of Corti in your ear & of some staircases,spiral
OLD JOBS,25,,A hostler or ostler was employed at an inn taking care of these animals,horses
SHADES OF BLUE,25,,An infant,baby blue
"""P""EOPLE",25,,"With the Mets since 1998, he's been called ""The greatest-hitting catcher ever to play the game of baseball""",Mike Piazza
MARCH MADNESS,25,,"In March 1969 Baron Constantine, lawyer & cricket star, became the 1st black member of this house of Parliament",House of Lords
COUNTRY TIME,25,,"It's the country where you'll find a theatre, library & rose garden all named for Grace Kelly",Monaco
"""B"" PLUS",25,,It can mean a spirited young man as well as the cutting part of a sword,a blade
CURRENT EVENTS,25,,"The ocean current named for this most populous state flows south at a slow, you might also say mellow, pace",California
CLIFF NOTES,25,,Jiminy Cricket! Cliff Edwards was the voice of Jiminy Cricket in this 1940 classic,Pinocchio
SIDEKICKS,25,,John Ales was Eddie Murphy's dutiful assistant in 2 movie remakes of this 1963 Jerry Lewis film,The Nutty Professor
"""P""S ON EARTH",25,,The event in the Olympic decathlon in which the contestant gets the farthest off the ground,pole vault
"""X""S & ""O""S",25,,Around 100 A.D. Tacitus wrote a book on how this art of persuasive speaking had declined since Cicero,oratory
"ON THE ""GO""",25,,"Africa's second-longest river, it's sometimes referred to as the Zaire",the Congo
"TRIPLE ""A""",25,,"The ""World"" one claims to be the all-time bestselling American reference book",almanac
ALSO A BODY PART,25,,"An inlet or cove, or to equip with weapons",arm
LIQUIDS,25,,Term for the substance expelled by the fleeing octopus; some of it appears to paralyze predators,ink
"YOU GET A ""D""",25,,Fins on the bottom of a fish are called pectoral; this is used to describe the opposite fin up on top,dorsal
GET YOUR KICKS,25,,"In slang, to kick this 6-letter container is to die",the bucket
FOUNTAINS,25,,The Bethesda Fountain overlooks the lake in this New York City park,Central Park
"GIMME AN ""H""",25,,The western hemisphere country with French as an official language that fits the category,Haiti
GUINNESS WORLD RECORDS,25,,"Ma Li Hua went 303,621 for 303,628 single-handedly setting up & toppling these",dominoes
"""L"" ON EARTH",25,,"In 1959, a chapter of Gamblers Anonymous was formed in this city -- how apt!",Las Vegas
IT'S ALL ABOUT HER,25,,"""Condi: The Life of a Steel Magnolia""",(Condoleezza) Rice
"""M.C.""",25,,"Usually a den with a TV & not a hollow in the earth, it's a place where a guy can get away from it all",a man cave
PREQUELS & SEQUELS,25,,"For a charity auction in 2008, she wrote an 800-word Harry Potter prequel",J.K. Rowling
TAKE THE KIDS!,24,,Toon Lagoon at Universal Studios Florida boasts a white-knuckle raft ride named for Bluto & this sailor,Popeye
DONE THAT,24,,"This Model T maker bought out his stockholders, calling them parasites",Henry Ford
PICTURE THIS,24,,[video clue - audio portion also missing],St. Patrick's Day & Christmas Day
"""P""OTPOURRI",24,,Distinctive variety of tower seen here,pagoda
2001,24,,In January 2001 rolling blackouts were ordered by officials in this state,California
IT'S ALL RELATIVE,24,,It's a pendular timepiece with a case as tall as or taller than a person,a grandfather clock
CANADIANA,24,,"In Canada ""This Land Is Your Land"" goes, ""From Bonavista"" (in this land paired with Labrador) ""to Vancouver Island""",Newfoundland
HOTELS,23,,"Le Champollion is the gourmet restaurant of this city's Le Meridien Hotel, on an island in the Nile",Cairo
"MIND YOUR ""P""S & ""Q""S",23,,It can be a fake doctor or a sound Daffy might make,Quack
THE 1950S,23,,In 1959 this spiritual leader of Tibet fled to exile in India,Dalai Lama
THE CALENDAR,23,,"It's the second-shortest month in most of the U.S., beating out the third-shortest months by one hour",April
THE MATERIAL WORLD,23,,An elastomer is defined as a synthetic polymer having the properties of this natural material,rubber
THAT'S A FACT,23,,The highest & lowest points in the 48 contiguous states are within 100 miles of each other in this state,California
DAYS OF THE WEEK,22,,Crusoe's companion,Friday
ARLINGTON NATIONAL CEMETERY,21,,In 1988 his body was moved to Arlington & buried next to Robert Peary,Matthew Henson
MATERIALS,21,,The name of the sheet seen here is derived from the name of this material,Celluloid
RECENT EVENTS,21,,Mike Myers first gave this movie title ogre a Canadian accent before going to a Scottish one,Shrek
ON THE CALENDAR,21,,"In 1974, to save energy, it began in January instead of April & ended on October 27",daylight saving time
POPULATIONS,21,,"Of 2 million, 20 million or 200 million, the number closest to the population of Native Americans in the U.S.A.",2 million
PRODUCE,21,,I heard it through some kind of vine that 2440 B.C. Egyptian tomb paintings depict the cultivation of this fruit,grapes
"""E"" FOR EFFORT",20,,This joint connects your upper arm to your forearm,Elbow
SILENT G,20,,In the late 1960s this neighborhood was the center of San Francisco's hippie population,Haight-Ashbury
"THE ""UN""CATEGORY",20,,"When I take off all my clothes, I'm this, just like a salad without its vinaigrette",Undressed
SINNERS,20,,"When this ""lucky"" mobster took a fall, Frank Costello became acting head of his family","Charles ""Lucky"" Luciano"
"""F"" TROOP",20,,"1880s moms dressed their sons in velvet suits & curls in imitation of this ""Little Lord"" of literature",Fauntleroy
BETWEEN,20,,"Stooges: Moe, _____, Curly",Larry
LOST,20,,"TV show whose theme says, ""The Minnow will be lost""",Gilligan's Island
"WHAT'S UP, DOC?",20,,"In 1899, along with his 2 sons, he founded St. Marys's Hospital in Rochester, Minnesota",William Mayo
"""K"" MART",20,,College fraternities know it's a small cask or barrel with a capacity of about 15.5 gallons,Keg
STATES' MEN,20,,"James Whitcomb Riley, Michael Jackson, Jim Davis",Indiana
"""E""OGRAPHY",20,,This country borders Colombia & Peru,Ecuador
DOWN TO EARTH,20,,It's the next line north of the Equator that has been named as well as numbered,Tropic of Cancer
"""R"" TOWN",20,,This Southern capital covers 63 square miles on both sides of the James River,"Richmond, Virginia"
ASSUME THE POSITION,20,,"The mask, chest protector, etc. of this baseball position are called the ""tools of ignorance""",catcher
COMPOSE YOURSELF,20,,"This composer's shows ""Cats"" & ""Phantom of the Opera"" have won a total of 14 Tonys",Andrew Lloyd Webber
FOUR,20,,"Naismith sport played by the men on the ""Road to the Final Four""",Basketball
FARMING,20,,"One of these farms may have over a million animals that are literally just there to ""lay"" around",poultry/egg farm
"SEEING ""RED""",20,,"In ""Peanuts"", Snoopy often fancied himself a flying ace out to get this pilot",The Red Baron
AIN'T THAT AMERICA,20,,This state's largest lake may be 20 times as salty as any ocean,Utah (Great Salt Lake)
WINGS,20,,"This Roman god is often depicted in art as a chubby, winged infant wearing a blindfold",Cupid
CHEERS,20,,Tequila & lime juice go into this cocktail that's served in a salt-rimmed glass,Margarita
CAROLS,20,,A highlight of her variety show was her portrayal of Mrs. Wiggins opposite Tim Conway's Mr. Tudball,Carol Burnett
"""C"" PLUS",20,,"The name of this ribbed material often used for pants was once thought to come from the French for ""king's cord""",Corduroy
"NEW YORK, NEW YORK",20,,"If you're in town in April, put on your bonnet & join the parade down Fifth Avenue for this holiday",Easter
NEW MEXICO,20,,"Bugs Bunny often said, ""I knew I shoulda taken that left turn at"" this city",Albuquerque
1957,20,,"Rejected in Russia, this Boris Pasternak novel began making house calls in Italy","""Doctor Zhivago"""
"SECOND LETTER ""Y""",20,,Connection on the street for the hose,Hydrant
FILL IN THE TITLE,20,,"In a Beckett play, it's Didi & Gogo who are ""Waiting For"" him",Godot
DUETS,20,,"He was Michael Jackson's duet partner on ""Say, Say, Say"" & Stevie Wonder's on ""Ebony and Ivory""",Paul McCartney
"""B"" SHARP",20,,Snoopy's breed,beagle
BROWN,20,,Samuel Smith's of Yorkshire brews a brown as well as a pale type of this beer relative,Ale
OLD SCHOOL,20,,"Japan's first modern university was the university of this city, established in 1877",Tokyo
WHAT A TOOL,20,,"Dead blow, soft face, claw, ball peen",Hammers
THE ONION,20,,Sulfuric compounds in onions induce these in humans who are slicing them,Tears
"""D"" DAY",20,,"Nationality that precedes auction, oven & elm disease",Dutch
LET'S CELEBRATE!,20,,"The people of Monroe in this state have been celebrating ""Cheese Days"" since 1914 (They must be tired!)",Wisconsin
UNDER THE MICROSCOPE,20,,Symbol of lightness seen here on a slide,feather
AM I BLUE?,20,,This blue or bluish-green stone often seen in Southwestern jewelry is a birthstone for December,turquoise
PROFESSORS,20,,"""GYN/Ecology"" author Mary Daly has fought Boston College for the right to exclude these people from class",men
LATIN,20,,Lacrimae means these; your eye has lacrimal glands that produce them,tears
TOP 40 DEBUTS,20,,"1974: ""Piano Man""",Billy Joel
GREEK LETTERS,20,,"Dear Pindar, good news: when this Macedonian sacked Thebes in 335 B.C., I hear he spared your house",Alexander the Great
VERMONT,20,,"The city of Burlington lies on the shores of this, Vermont's largest lake",Lake Champlain
PICTURE THE PREZ,20,,Representative Thaddeus Stevens led the attempt to impeach this president,Andrew Johnson
AMERICAN DRAMATISTS,20,,"His 1964 play ""After the Fall"" dealt with his relationship with Marilyn Monroe, to whom he was once married",Arthur Miller
ERNEST HEMINGWAY,20,,"Hemingway's nickname, or what sons Jack, Patrick & Gregory called him",Papa
DEAR DIARY,20,,"March 28, 2001: Hmm...""Hip Hoppin; Howdy Diddy""...That's not right...""P. Diddy""! That's the name I'll call myself!","Sean ""Puffy"" Combs"
TOOL TIME,20,,( Let's go to the Clue Crew. ) The two cordless tools Alex is holding both operate on this type of power,battery power
ON THE JOB,20,,"""If I were"" one of these woodworkers, I could build you shelves, put up molding, etc.",carpenter
WATER WORLD,20,,Chew on this: When a crocodile loses one of these another is there to take its place,tooth
HUSBANDS & WIVES,20,,"This man married Betsy Griscom of Philadelphia in 1773, perhaps due to her skill with a needle & thread",(John) Ross
A CATEGORY ABOUT NOTHING,20,,"Nothing proverbs include ""Nothing have, nothing crave"" & ""Nothing ventured, nothing"" this",lost (gained)
"GEOGRAPH""E""",20,,Sicilians call this active volcano Mongibello,Etna
COACH,20,,Tyrone Willingham is the first African-American football coach to lead this school's Fighting Irish,Notre Dame
"""J""EOGRAPHY",20,,No roads lead into this U.S. state capital; it can only be reached by aircraft or boat,Juneau
SPORTSMEN,20,,"In 2000 this Los Angeles Laker was named the NBA's MVP, receiving 120 of 121 first place votes",Shaquille O'Neal
"""V""",20,,"At a mean distance of 67 million miles, it's the second planet from the sun",Venus
CRITTERS,20,,It's the world's tallest animal whose young is known as a calf,a giraffe
WHATCHAMACALLIT,20,,Term for the Revolutionary War militia members who were ready to fight at a moment's notice,Minutemen
THEY NAMED A SCHOOL FOR ME,20,,"Leland Stanford, Jr., who died at age 15 in 1884, is memorialized by a university in this state",California
TOWERS,20,,The descendants of Noah erected it on the Plain of Shinar,the Tower of Babel
HORSING AROUND,20,,It makes a blacksmith's job much easier that this part of the horse has no nerves,hoof
LIVE IN TEXAS,20,,"If you're on the road again in Texas, stop at Luck, this singer's world headquarters",Willie Nelson
"""BOO""!",20,,Soft woolen shoes for a baby,booties
SILVER,20,,"Werewolves take note: the light beer from this brewery is known as ""The Silver Bullet""",Coors
MISSING VOWELS,20,,"A fest-ive month: ""CTBR""",October
PILLOW TALK,20,,"In classic radio comedy, Dick Orkin turned this under-kids'-pillows cash provider into the Molar Marauder",the Tooth Fairy
HAIR,20,,"Rapunzel's hair color, it might have opened her up to some jokes",blonde
FAMILY MATTERS,20,,"This type of multiple birth occurs about once every 7,700 births",triplets
A BEASTLY CATEGORY,20,,"If you feel a chill you might get these kind of ""bumps"" named after an animal",goosebumps
METAPHORS,20,,"To display one's competence is to ""earn"" these, like a pilot",your wings
STATE STUFF,20,,It contains both the highest point & the lowest point in the contiguous 48 states,California
"SEE ""NN""",20,,In 1933 Kraft introduced Miracle Whip as a better & lower cost alternative to this,mayonnaise
THIS OR THAT,20,,The organ that weighs around 3 pounds in an adult or Pinky's cartoon pal voiced by Maurice Lamarche,The Brain
PIRATES,20,,"In the 1600s, the pirate Koxinga took this island also known as Formosa from the Dutch",Taiwan
THE GIANTS,20,,1 Samuel 17 informs us that the Philistine city of Gath was the home of this giant,Goliath
"""E""ASY DOES IT",20,,One of the 2 official languages of the Pacific island kingdom of Tonga,English
WHAT THE DICKENS!,20,,"It ends, ""God bless us, every one!""",A Christmas Carol
HERE COMES THE SUN,20,,"Appropriately, the sun is classified as a dwarf star of this color",yellow
SMART ANSWERS,20,,Psychologist Lewis Terman thought someone scoring over 140 on an IQ test could qualify as one of these,a genius
SIGNS OF THE ZODIAC,20,,Today it would be a Perrier carrier,Aquarius
"THE ""IV"" LEAGUE",20,,Home sweet home for bees,a hive
SPEECH!,20,,"Speaking at an 1848 convention, Elizabeth Cady Stanton said, ""We now demand our right to"" do this",vote
VARIETY PACK,20,,In 1956 this Brynner played King Mongkut on screen,Yul Brynner
BODY PARTS BY PREFIX,20,,Sangui-,blood
AMERICAN WOMAN,20,,Her maiden name was Fitzgerald when she married into the fabled Kennedy family in 1914,Rose Kennedy
SHELLFISH,20,,2 edible types of this shellfish found on the Pacific coast of North America are the Red King & Dungeness,crabs
WEAPONS,20,,Most of us know it better as Excalibur; Geoffrey of Monmouth called this king's sword Caliburn,King Arthur
ON THE RADIO,20,,"The 20th century's top song in U.S. airplay, this one by The Righteous Brothers has been heard over 8 million times","""You've Lost That Lovin' Feelin'"""
LET'S GO TO THE PARK,20,,"A state park near Little Falls, Minnesota honors this aviator whose boyhood home is now a museum there",Charles Lindbergh
IOWA,20,,"This ""yummy"" red apple, the USA's top seller, was developed in the 1880s in Jesse Hiatt's orchard near East Peru",the Red Delicious
THE PRODUCERS,20,,This central state produces more cheese than any other,Wisconsin
MYTHICAL MENAGERIE,20,,"After Argus the hundred-eyed giant died, Hera set his eyes in the tail of this bird",the peacock
STORIED HOTELS,20,,"Hercule Poirot sups at the Savoy in this woman's novel ""Lord Edgware Dies""",Agatha Christie
B MINUS,20,,"Strip the ""B"" off a South American country & you're left with her, Ms. Newton-John",Olivia (from Bolivia)
THINK PINK,20,,"The title of this 1964 film refers to a large gem, not Inspector Clouseau",The Pink Panther
LATIN CLASS,20,,"Ante means before, as in ante partum, the period before childbirth; this word means after",post
THE STAMP ACT,20,,The third Looney Tunes stamp featured this avian rival of the first Looney Tunes stamp,Daffy Duck
SECONDS,20,,"Baltic Avenue is the second property after ""Go"" in this game",Monopoly
NEW HAMPSHIRE,20,,How cool! In 1998 New Hampshire adopted this as its state sport,skiing
SOUNDS,20,,"A loud, resonant sound, or a time of prosperity",a boom
"YOU GET AN ""F""",20,,...in music if you can't remember that the piccolo is a member of this woodwind's family,flute
ROLE CALL,20,,"Bronco Billy, Thunderbolt Doherty, Harry Callahan",Clint Eastwood
AROUND THE HORN,20,,In August 1578 this English navigator sailed around Cape Horn,Drake
CHICAGO,20,,"The Art Institute of Chicago is guarded by 2 of these beasts (bronze ones, not real ones)",lions
3-LETTER THE BETTER,20,,You take your llama to one when it's sick,a vet (doc accepted)
I'LL HAVE SECONDS,20,,It's your relationship to your mother's uncle's daughter's son,second cousin
"""V"" IS FOR...",20,,"...this, a boat, bowl or blood-carrier",vessel
APRIL,20,,"On April 3, 1945, an all-black platoon called the Dusty Devastators saw action for the first time in this country",Germany
SOMEBODY WROTE THAT,20,,"Herman Mankiewicz shared a Best Original Screenplay Oscar for ""Citizen Kane"" with this man",Orson Welles
WHICH TIME ZONE?,20,,"Wichita, Kansas",Central
GOING DUTCH,20,,In 1656 Dutch scientist Christiaan Huygens made the first pendulum type of this device,a clock
THE OFFICE,20,,"""Minnie"" say 5-foot-tall mice & ducks romp around the offices of this Burbank-based media company",Disney
"IT'S ALL ABOUT ""U""",20,,Term for the covering material used in making chairs & couches,upholstery
ON THE MENU,20,,The meaty-clawed Maine type of this crustacean is also called the American type,a lobster
"""D"" BRIEFING",20,,Snow White's only beardless dwarf,Dopey
SEAFOOD,20,,There are bluefin & yellowfin varieties of this fish,tuna
LET'S GO SHOPPING,20,,"First off, I need a pair of this brand's Chuck Taylor All Star sneakers",Converse
THREE OF A KIND,20,,"Tarantella, flamenco, break",dances
LETTER MEN,20,,"At his death in 1971, there were more than 1,600 department stores bearing his name",J.C. Penney
"ENGLAND, SCOTLAND OR WALES",20,,The Angus breed of cattle was developed there,Scotland
POP GOES THE CULTURE,20,,"Some wondered if she'd be known as ""J.Ant."" after a surprise marriage, her third, to singer Marc Anthony",Jennifer Lopez
PEOPLES,20,,They included Britons & Gauls & gave their name to a branch of languages that includes Gaelic,Celts (Celtic accepted)
THE TUDORS,20,,"In one episode, Henry VIII & this woman have a little dinner conversation ""You have not answered my nephew's letters."" ""Just because your nephew's the king of Spain, does he think I have nothing better to do?""",Catherine of Aragon
THE WRITE STUFF,20,,"It was the day job of James Herriot, the author of ""All Creatures Great & Small""",veterinarian
ONLY ONE VOWEL,20,,2.54 centimeters,an inch
CEMETERIES,20,,"Although Emile Zola's gravestone still rests at this city's Cimetiere de Montmartre, his body was moved to the Pantheon",Paris
BRITSPEAK,20,,"When Nigel heard his wife was preggers, he broke out the champers, this celebratory beverage",champagne
MAKE NO MYTHTAKE,20,,"In Roman myth, Naenia, whose name means ""dirge"", presided over these ceremonies",funerals
TAKE THE FIFTH,20,,The two U.S. presidents who were fifth cousins,Teddy Roosevelt and FDR
MAN-AGRAMS,20,,"He had ""Fun in Acapulco"": SLEEPY LIVERS",Elvis Presley
ALSO KNOWN AS,20,,The Yeti,the Abominable Snowman
BIOPICS,20,,In 1938 Gary Cooper discovered spaghetti & gunpowder as this adventurer in the East,Marco Polo
HYBRIDS,20,,"Daedalus built the labyrinth in which this half-man, half-bull monster was kept",the Minotaur
ECON 101,20,,Ursine term for an investor who expects share prices to fall,bear
FROM B TO C,20,,"Pertaining to an inflamed swelling of a lymph node, all too common in the 14th century",bubonic
SPECIAL MONTHS,20,,"Since kids get lots of them then, it makes sense that this month is Safe Toys & Gifts Month",December
WHAT DO YOU STAND FOR?,20,,"The oil treatment product STP stands for ""scientifically treated"" this",petroleum
IT'S A PROCESS,20,,"Finding the right answer by testing & getting rid of the wrong ones is called ""process of"" this",elimination
"3 ""T""S",20,,"A favorite of chefs, this type of chocolate contains at least 35% chocolate liquor",bittersweet
JACK,20,,He was twice jailed in the 1990s for assisting the suicides of terminally ill patients,Kevorkian
ALL EARS,20,,"Injury, infection & loud noises can cause this membrane between the external ear canal & middle ear to rupture",the eardrum
CORNERSTONES,20,,"As president of the Mormon church, he laid one of the cornerstones for the Salt Lake temple in 1853",Brigham Young
"""A"" BEFORE ""E""",20,,A radio antenna,an aerial
WHAT DO YOU COLLECT?,20,,A lepidopterist,butterflies
FOR YOUR REFERENCE,20,,It's a 5-letter word for a book of maps,an atlas
IN THE PINK,20,,"pinkribbonshop.com promotes awareness of this disease, ""one pink ribbon at a time""",breast cancer
WHAT'S THAT ON YOUR HEAD?,20,,"At her wedding, Kate Middleton wore a diamond one of these, her something borrowed (from the Queen)",a tiara
3 CONSECUTIVE LETTERS,20,,The returned portion of a movie ticket,the stub
PEACE,20,,"In 1749 author Henry Fielding became this ""of the peace"", protecting Westminster & Middlesex from criminal gangs",a justice
PUBLISHED POSTHUMOUSLY,20,,This Hemingway novel that shares its name with a Kenny Rogers/Dolly Parton song was published in 1970,Islands in the Stream
POP,20,,"His dad, Sir John, was killed by the ape Kerchak",Tarzan (of the Apes)
SOLVE THE MYSTERY TITLE,20,,"An Easy Rawlins mystery: ""___ in a Blue Dress""",Devil
SOUND,20,,In London in 2012 a gold medal in this sport went to Jike Zhang,table tennis (or ping pong)
3-NAMED PEOPLE,20,,"Born in what's now Maine in 1807, he's honored with a bust in a special section of Westminster Abbey",Henry Wadsworth Longfellow
ACCESSORIES,20,,Keep your iPhone from dying with a Jonathan Adler Stepped Diamonds one of these,a (re)charger
DIFFERS BY A VOWEL,20,,A place to sit & a group of grapes,bench & bunch
PUZZLERS,20,,"Enough of the same complaint, you sound like this",a broken record
RANDOM FACTS,20,,"( Hi, I'm Penn Jillette. ) When a magician dies, a wand is sometimes broken at his funeral to symbolize his loss of magical power; the first broken wand ceremony was performed by the Society of American Magicians in 1926 at the memorial service for this famous escapologist",(Harry) Houdini
"BLANK ""UM""",20,,"On TLC Theresa Caputo, who claims to talk to dead people, is the ""Long Island"" this",medium
ARTS & CULTURE,20,,Shoichi Yabuta was tops in composing in the 2015 music competition held annually in this Swiss city since 1939,Geneva
"BILLS, BILLS, BILLS",20,,The very tip of the fluke on this heavy nautical item is sometimes called the bill,an anchor
WHOSE WHAT?,20,,"In 1894 a throng of unemployed men known as ""Coxey's Army"" marched to this city to demand jobs & public spending","Washington, D.C."
NAMED FOR A PLACE,20,,"Homer's ""Iliad"" takes its name from Ilium, Latin for this city",Troy
3 CONSECUTIVE VOWELS,20,,A pig's typical exclamation,squeal
AROUND THE CARIBBEAN,20,,"White sand beaches are an attraction of this ""A"" of the Caribbean's ABC islands",Aruba
Y IS THE ONLY VOWEL,20,,A traditional story in a culture,a myth
"4,4",20,,"Designation for the thigh & leg of a roasted chicken, as opposed to the breast",dark meat
TOUGH VOCAB,20,,"In film when characters explain the plot verbally, it's called this, also the name of a big public fair",exposition
MONOPOLY,19,,It's where you go when you throw doubles 3 times in a row,jail
MONSTER MASH,19,,"When this doctor's monster first appeared on screen in 1931, some moviegoers ran screaming from the theater",Dr. Frankenstein
NEW ZEALAND,19,,"Not the kakapo, a flightless parrot, but this bird is the national symbol",Kiwi
HIGH WATER,19,,"In December 1999 her tomb at the foot of the Mount of Olives flooded, ruining many icons",Virgin Mary
FOREWORDS,19,,"This author said that he would have offered the savage a third alternative if he were to rewrite ""Brave New World""",Aldous Huxley
LET'S GO ONLINE,19,,"There's no place like this cozy page, the first page of a website",the home page
STATES' LOWEST POINTS,19,,8 feet below sea level at New Orleans,Louisiana
FEMINISM,19,,"The 1848 feminist ""Declaration of Sentiments"" adds these 2 words to 1776's ""All men are created equal""","""and women"""
TOP O' THE CHARTS,19,,"When their ""MmmBop"" reached No. 1 in May 1997, they became the first artists born in the 1980s to have a No. 1 single",Hanson
A SHAPELY CATEGORY,19,,"In the White House, the Blue Room & the President's Office are this shape",oval
FIREFIGHTING,19,,"The firefighting museum in Phoenix, Arizona isn't called the Hall of Fame, but the hall of this",the Hall of Flame
SONNETS,19,,"He wrote, ""Shall I compare thee to a summer's day? Thou art more lovely and more temperate""",Shakespeare
CAPES,19,,"Barnstable, Massachusetts, including the village of Hyannis, is the largest city on this hook-shaped peninsula",Cape Cod
ROCKET MAN,19,,Alexei Leonov said he was given a pill to help him do this in case he couldn't get back in Voskhod after the spacewalk,commit suicide
POTLUCK,19,,This cowboy neckerchief could be used as a mask if one were criminally inclined,bandana
LET'S GET TOGETHER,19,,The Friars Club is known for these gatherings in which the honorees get lovingly insulted,roasts
THE JEOPARDY! TIME MACHINE,19,,Maybe you can help those Scotland Yard bozos catch him in 1888; here's a sketch to work with,Jack the Ripper
GEORGIA ON MY MIND,19,,"Oglethorpe is the seat of this county whose ""line"" was featured in a 1974 film",Macon
PRISONS,19,,You didn't get sent directly to this prison that closed in 1963; other U.S. prisons sent their worst prisoners there,Alcatraz
THE LAST,19,,"Ordered by Texas inmate Stanley Baker, Jr., it included 2 16-oz. ribeyes, 2 potatoes & a pint of ice cream",his last meal
BORN TO RUN,19,,"At the 1936 Berlin games, he ran a 10.3 in the 100 meters, tying the Olympic record",Jesse Owens
OCTOBERFEST,19,,"He first appeared in the comic strip ""Peanuts"" in October 1950 but didn't walk on 2 legs until 1956",Snoopy
PUBLISHING,19,,"Last name of 19th century brothers James & John; it's been paired with Row &, now, with Collins",Harper
MEDICATIONS,19,,"Levothyroxine, sold under brand names like Unithroid & Synthroid, treats this gland when it's underactive",the thyroid
COATS OF ARMS,19,,"On Guyana's coat of arms, a white shield is bordered by 2 of these felines, the largest cat in the New World",the jaguar
DIAMONDS ARE FOREVER,19,,Sanguinary term for a diamond sold to finance military operations,a blood diamond
JUST THE FACTS,19,,This hero of several books is 11 when he discovers he's a wizard,Harry Potter
3 CONSECUTIVE CONSONANTS,19,,You do this to different watches to match the time,synchronize
FROM C TO D,19,,koa.com helps you find this type of place to put up your tent,campground
THE HOLE TRUTH,18,,Legend says Capt. Hanson Gregory invented this hole when he had his mom remove the soggy center from her fried cake,Doughnut hole
"FROM ""C"" TO SHINING ""C""",18,,This word for stylish or elegant can describe an outfit or a restaurant,chic
LAST BUT NOT LEAST,18,,"The last public execution by this method took place on June 17, 1939 in Versailles, France",guillotine
THE 1890S,18,,His psychoanalytic method of free association & his daughter Anna first saw the light in 1895,Sigmund Freud
"""W""",18,,"In some cultures, instead of becoming this creature of the full moon, men become hyenas instead",werewolf
SINGING,18,,"( Cheryl of the Clue Crew presents the clue. ) In bel canto technique you contract the upper abs to control this, the main muscle in respiration",the diaphragm
FOREIGN EXCHANGE,18,,The watermark on Egypt's 10-piastre bill is a statue of this ancient boy king,Tutankhamun
PROLOGUES,18,,"The prologue to this book, the first part of ""The Lord of the Rings"", says it ""is largely concerned with hobbits""",The Fellowship of the Ring
ON THE WALL,18,,...of Madonna's house are works by this woman who died in Coyoacan 4 years before Madonna was born,Frida Kahlo
OLYMPIANS,18,,In 1996 this former U.S. Olympic boxer lit the flame at the start of the Summer Olympics in Atlanta,Muhammad Ali
THE LIBERTY BELL,17,,"This frontiersman ""Went off to Congress and served a spell...an' patched up the crack in the Liberty Bell""",Davy Crockett
TEXTILES,17,,This synthetic material is named for the sports venue where it was installed in 1966,AstroTurf (for the Houston Astrodome)
FAMOUS FIRSTS,17,,"The world's first one of these opened in 1925; it was in San Luis Obispo, Ca. & had parking in front of each door",a motel
NATURAL WONDERS,17,,"Wonder why the saber-toothed cat had these ""doggy"" teeth, 7 inches long",canines
DESIGN,17,,"Introduced to desktops in 1950, it was designed by Arnold Neustadter & featured a ball-bearing clutch",Rolodex
FRANCE,17,,"Of France's 22 official regions, this one extends the farthest west",Brittany
DECLARATION OF INDEPENDENCE SIGNERS,17,,"On the list of the signers, 2 of the 3 last names that appear twice","(2 of) Adams, Lee & Morris"
ARTY FACTS,17,,"Seen here , the Japanese footbridge was painted by this modern master around 1899",Monet
COME UP TO THE LAB,17,,"He had laboratories at Menlo Park & West Orange, New Jersey",Edison
HERALDRY,17,,"Also meaning someone renting from you, it's the heraldic term for a human figure holding up a coat of arms",a tenant
THE COUNTY LINE,17,,"Oklahoma is rich in double-E counties like Cherokee, Pawnee & this one from a Merle Haggard title",Muskogee
ECOLOGY,16,,Former Monty Python member John Cleese has joined a campaign to save this bird from extinction,Parrot
WEEDS,16,,The most common cause of hay fever in the U.S. is this substance from ragweed,Pollen
AMERICA,16,,"Among state capitals, it's first alphabetically","Albany, New York"
MACHINES,16,,This brand name comes from machines devised by Benjamin Holt to crawl over soft farmland,Caterpillar
THE KNIGHTS TEMPLAR,16,,One of the 3 vows taken by each man who became a Templar Knight,"Chastity, Obedience or Poverty"
DRUGS,16,,The Salk vaccine prevents this crippling disease,Polio
CLASSICAL CLASSICS,16,,This man's sixth symphony is known as the Pastoral Symphony,Beethoven
NEW ORLEANS,16,,"It's the term for a French-Spanish ethnic mix, or for a New Orleans dish of shrimp simmered with tomatoes",creole
JOBS,16,,"In this job, after the Senate confirms you, you sign your name at least 5 times, then pick one to be engraved",U.S. Treasurer or U.S. Treasury Secretary
WEDDINGS,16,,It's the job of the lad seen here,ringbearer
MOTTOES,16,,"This international sports competition's motto is ""Faster, higher, stronger""",the Olympics
STRUCTURES,16,,"( I'm Tom Silva, general contractor. ) For our 25th anniversary project, renovating a farmstead, we converted this 39x50' building into living space",a barn
RECORD LABELS,16,,Between July 1954 & August 1955 this Memphis label released 5 Elvis Presley singles,Sun Records
WORLD OF WATER,16,,"Tugela, a set of these in South Africa, totals over 5 Washington Monuments high",waterfalls
NOTIONS,16,,His notion that the Sun was the center of the solar system was published in 1543,Copernicus
IT'S A DISASTER!,15,,A lack of food; Ireland had a potato one in the 1840s,Famine
IN THE COOKIE JAR,15,,These sun-dried grapes can be found in oatmeal cookies,Raisins
FROM Z TO A,15,,An embarrassed one of these may be black & white & red all over,Zebra
JULIUS CAESAR,15,,"Julius declared ""The die is cast"" & crossed this river, provoking the Roman Civil War",Rubicon
LOVE'S LABOUR'S LOST,15,,This character's doomed love for Ann Darrow ends tragically at the foot of the Empire State Building,King Kong
THEY'RE IN CHARGE,15,,Middle Eastern prime minister Ehud Barak,Israel
WAY TO GO,15,,In the late 1700s a French doctor proposed a mechanical device for lopping off heads & voila -- this was named for him,guillotine
CALIFORNIA DREAMIN',15,,This newspaper tycoon's former estate near San Luis Obispo includes a Roman temple & ancient works of art,William Randolph Hearst
SEASONS,15,,"The depression or ""blues"" brought on by seasonal affective disorder is strongest during this season",Winter
SOUTH DAKOTA,15,,The capitol building is on a 30-acre tract in this city overlooking the Missouri River,Pierre
BLACK AMERICANS,15,,In May 1999 he won the release of 3 U.S. soldiers held captive in Serbia,Rev. Jesse Jackson
THE SHORT VERSION,15,,To an usher: SRO,standing room only
WATER,15,,"Measuring volume, not weight, Gay-Lussac & Humboldt found the proportions in this formula for water",H2O
REMEMBER THE '80S?,15,,"On May 13, 1981 a Turkish assailant made an assassination attempt on this man in the Vatican",Pope John Paul II
HIRSCHFELD,15,,"Say ""Hello"" to this ""Dolly"" portrayed here",Carol Channing
SUPERSTITIONS,15,,"Bite your tongue while eating & it means you've done this, though not necessarily ""under oath""",lie
TURKEY,15,,"Just a thrace of Turkey, about 3% of its area, is on this continent",Europe
THE PILGRIMS,15,,"After a rough 66-day voyage, the Mayflower set anchor in Provincetown Harbor off this cape",Cape Cod
DENTISTRY,15,,The more common name for your gingiva; you can flap 'em,Gums
SAY YOUR PRAYERS,15,,"After Darius' men caught Daniel praying, they had him thrown into this place",The lion's den
GUINNESS,15,,The company began in 1759 when Arthur Guinness established a brewery in this capital city,Dublin
INDIANA JONES,15,,"Originating in 1911, this annual Indiana event is attended by 400,000 people",Indianapolis 500
DISCOGRAPHIES,15,,"""Zenyatta Mondatta"", ""Ghost in the Machine"", ""Synchronicity""",The Police
